<?xml version="1.0" encoding="UTF-8"?>
<classpath>
	<classpathentry kind="src" path="src"/>
	<classpathentry kind="con" path="org.eclipse.jst.j2ee.internal.web.container"/>
	<classpathentry kind="con" path="org.eclipse.jst.j2ee.internal.module.container"/>
	<classpathentry kind="con" path="org.eclipse.jst.server.core.container/org.eclipse.jst.server.tomcat.runtimeTarget/Apache Tomcat v9.0">
		<attributes>
			<attribute name="owner.project.facets" value="jst.web"/>
		</attributes>
	</classpathentry>
	<classpathentry kind="con" path="org.eclipse.jdt.launching.JRE_CONTAINER/org.eclipse.jdt.internal.debug.ui.launcher.StandardVMType/jre1.8.0_181">
		<attributes>
			<attribute name="owner.project.facets" value="java"/>
		</attributes>
	</classpathentry>
	<classpathentry kind="lib" path="E:/jspservlet/soft/jstl-1.2.jar"/>
	<classpathentry kind="lib" path="E:/jspservlet/soft/mysql-connector-java-5.1.45/mysql-connector-java-5.1.45-bin.jar"/>
	<classpathentry kind="lib" path="E:/jspservlet/soft/itextpdf-5.1.0.jar"/>
	<classpathentry kind="lib" path="E:/jspservlet/soft/gson-2.2.2.jar"/>
	<classpathentry kind="lib" path="E:/jspservlet/soft/servlet-api.jar"/>
	<classpathentry kind="output" path="build/classes"/>
</classpath>
